"Time","HomeSchedulingName","AwaySchedulingName","HomeTeam","AwayTeam","HomeScores","VisitorScores","Pool","Division","Field","ReservationGroup","Place","GameName"
"2021-09-04 09:00:00",,,"Disckick Berlin","Next Generation Nürnberg","9","14","Pool B","Mixed 1. Liga 9-16","1","mixed1","Münster",
"2021-09-04 10:40:00",,,"Nullacht! Ultimate Münster","Frau Rauscher & the Bembelboys","11","15","Pool A","Mixed 1. Liga 9-16","1","mixed1","Münster",
"2021-09-04 12:20:00",,,"Hucks Ultimate Club Berlin","Disckick Berlin","9","15","Pool B","Mixed 1. Liga 9-16","1","mixed1","Münster",
"2021-09-04 14:00:00",,,"Frau Rauscher & the Bembelboys","Maultaschen Tübingen","15","13","Pool A","Mixed 1. Liga 9-16","1","mixed1","Münster",
"2021-09-04 15:40:00",,,"Disckick Berlin","Dein Mudder Bremen","11","15","Pool B","Mixed 1. Liga 9-16","1","mixed1","Münster",
"2021-09-04 17:20:00",,,"Maultaschen Tübingen","Nullacht! Ultimate Münster","11","15","Pool A","Mixed 1. Liga 9-16","1","mixed1","Münster",
"2021-09-04 09:00:00",,,"Dein Mudder Bremen","Hucks Ultimate Club Berlin","14","12","Pool B","Mixed 1. Liga 9-16","2","mixed1","Münster",
"2021-09-04 12:20:00",,,"Next Generation Nürnberg","Dein Mudder Bremen","5","15","Pool B","Mixed 1. Liga 9-16","2","mixed1","Münster",
"2021-09-04 15:40:00",,,"Hucks Ultimate Club Berlin","Next Generation Nürnberg","9","15","Pool B","Mixed 1. Liga 9-16","2","mixed1","Münster",
"2021-09-04 09:00:00",,,"Seed #1","Seed #8",,,"Pool A","DMO21_8er","1","mixed1","Paderborn",
"2021-09-04 10:40:00",,,"Seed #2","Seed #7",,,"Pool B","DMO21_8er","1","mixed1","Paderborn",
"2021-09-04 12:20:00",,,"Seed #5","Seed #1",,,"Pool A","DMO21_8er","1","mixed1","Paderborn",
"2021-09-04 14:00:00",,,"Seed #6","Seed #2",,,"Pool B","DMO21_8er","1","mixed1","Paderborn",
"2021-09-04 15:40:00",,,"Seed #1","Seed #4",,,"Pool A","DMO21_8er","1","mixed1","Paderborn",
"2021-09-04 17:20:00",,,"Seed #2","Seed #3",,,"Pool B","DMO21_8er","1","mixed1","Paderborn",
"2021-09-04 09:00:00",,,"Seed #4","Seed #5",,,"Pool A","DMO21_8er","2","mixed1","Paderborn",
"2021-09-04 10:40:00",,,"Seed #3","Seed #6",,,"Pool B","DMO21_8er","2","mixed1","Paderborn",
"2021-09-04 12:20:00",,,"Seed #8","Seed #4",,,"Pool A","DMO21_8er","2","mixed1","Paderborn",
"2021-09-04 14:00:00",,,"Seed #7","Seed #3",,,"Pool B","DMO21_8er","2","mixed1","Paderborn",
"2021-09-04 15:40:00",,,"Seed #5","Seed #8",,,"Pool A","DMO21_8er","2","mixed1","Paderborn",
"2021-09-04 17:20:00",,,"Seed #6","Seed #7",,,"Pool B","DMO21_8er","2","mixed1","Paderborn",
"2021-09-04 09:00:00",,,"Hund Flach Werfen","Hucks Ultimate Club Berlin II","15","9","Pool A","Mixed 3./4. Liga NO","1","mixed34no","Magdeburg",
"2021-09-04 10:40:00",,,"Saxy Divers","Pizza Volante","10","15","Pool B","Mixed 3./4. Liga NO","1","mixed34no","Magdeburg",
"2021-09-04 12:20:00",,,"RotoR Ultimate Berlin","Hund Flach Werfen","7","12","Pool A","Mixed 3./4. Liga NO","1","mixed34no","Magdeburg",
"2021-09-04 14:00:00",,,"Schleudertrauma","Saxy Divers","12","11","Pool B","Mixed 3./4. Liga NO","1","mixed34no","Magdeburg",
"2021-09-04 15:40:00",,,"Hund Flach Werfen","Parkscheibe","15","7","Pool A","Mixed 3./4. Liga NO","1","mixed34no","Magdeburg",
"2021-09-04 17:20:00",,,"Saxy Divers","Griffins Lehre","15","10","Pool B","Mixed 3./4. Liga NO","1","mixed34no","Magdeburg",
"2021-09-04 09:00:00",,,"Parkscheibe","RotoR Ultimate Berlin","7","12","Pool A","Mixed 3./4. Liga NO","2","mixed34no","Magdeburg",
"2021-09-04 10:40:00",,,"Griffins Lehre","Schleudertrauma","10","15","Pool B","Mixed 3./4. Liga NO","2","mixed34no","Magdeburg",
"2021-09-04 12:20:00",,,"Hucks Ultimate Club Berlin II","Parkscheibe","13","11","Pool A","Mixed 3./4. Liga NO","2","mixed34no","Magdeburg",
"2021-09-04 14:00:00",,,"Pizza Volante","Griffins Lehre","14","13","Pool B","Mixed 3./4. Liga NO","2","mixed34no","Magdeburg",
"2021-09-04 15:40:00",,,"RotoR Ultimate Berlin","Hucks Ultimate Club Berlin II","12","15","Pool A","Mixed 3./4. Liga NO","2","mixed34no","Magdeburg",
"2021-09-04 17:20:00",,,"Schleudertrauma","Pizza Volante","12","15","Pool B","Mixed 3./4. Liga NO","2","mixed34no","Magdeburg",
"2021-09-04 09:00:00",,,"Heidees","TV Bad Rappenau","4","15","Pool A","Mixed 3. Liga SW","1","mixed3sw","TV Eppelheim bei Heidelberg",
"2021-09-04 10:40:00",,,"Flying Igels","Heidees TVE","7","15","Pool B","Mixed 3. Liga SW","1","mixed3sw","TV Eppelheim bei Heidelberg",
"2021-09-04 12:20:00",,,"TV Bad Rappenau","Colorado 2","15","4","Pool A","Mixed 3. Liga SW","1","mixed3sw","TV Eppelheim bei Heidelberg",
"2021-09-04 14:00:00",,,"Disconnection 2","Flying Igels","8","12","Pool B","Mixed 3. Liga SW","1","mixed3sw","TV Eppelheim bei Heidelberg",
"2021-09-04 15:40:00",,,"Colorado 2","Heidees","11","15","Pool A","Mixed 3. Liga SW","1","mixed3sw","TV Eppelheim bei Heidelberg",
"2021-09-04 17:20:00",,,"Flying Igels","Hechte","15","7","Pool B","Mixed 3. Liga SW","1","mixed3sw","TV Eppelheim bei Heidelberg",
"2021-09-04 10:40:00",,,"Hechte","Disconnection 2","13","14","Pool B","Mixed 3. Liga SW","2","mixed3sw","TV Eppelheim bei Heidelberg",
"2021-09-04 14:00:00",,,"Heidees TVE","Hechte","15","4","Pool B","Mixed 3. Liga SW","2","mixed3sw","TV Eppelheim bei Heidelberg",
"2021-09-04 17:20:00",,,"Disconnection 2","Heidees TVE","1","15","Pool B","Mixed 3. Liga SW","2","mixed3sw","TV Eppelheim bei Heidelberg",
"2021-09-04 09:00:00",,,"Seed #2","Seed #7",,,"Pool B","DMO21_7er","1","X7","Münster",
"2021-09-04 10:40:00",,,"Seed #5","Seed #1",,,"Pool A","DMO21_7er","1","X7","Münster",
"2021-09-04 12:20:00",,,"Seed #6","Seed #2",,,"Pool B","DMO21_7er","1","X7","Münster",
"2021-09-04 14:00:00",,,"Seed #1","Seed #4",,,"Pool A","DMO21_7er","1","X7","Münster",
"2021-09-04 15:40:00",,,"Seed #2","Seed #3",,,"Pool B","DMO21_7er","1","X7","Münster",
"2021-09-04 17:20:00",,,"Seed #4","Seed #5",,,"Pool A","DMO21_7er","1","X7","Münster",
"2021-09-04 09:00:00",,,"Seed #3","Seed #6",,,"Pool B","DMO21_7er","2","X7","Münster",
"2021-09-04 12:20:00",,,"Seed #7","Seed #3",,,"Pool B","DMO21_7er","2","X7","Münster",
"2021-09-04 15:40:00",,,"Seed #6","Seed #7",,,"Pool B","DMO21_7er","2","X7","Münster",
"2021-09-04 09:00:00",,,"Colorado","Sturmflut","15","12","Pool A","Mixed 1. Liga 1-8","1","X8","Paderborn",
"2021-09-04 10:40:00",,,"Mainzelrenner","Die 7 Todsünden","15","13","Pool B","Mixed 1. Liga 1-8","1","X8","Paderborn",
"2021-09-04 12:20:00",,,"Disconnection","Colorado","15","13","Pool A","Mixed 1. Liga 1-8","1","X8","Paderborn",
"2021-09-04 14:00:00",,,"Sugar Mix","Mainzelrenner","15","12","Pool B","Mixed 1. Liga 1-8","1","X8","Paderborn",
"2021-09-04 15:40:00",,,"Colorado","Hässliche Erdferkel","14","15","Pool A","Mixed 1. Liga 1-8","1","X8","Paderborn",
"2021-09-04 17:20:00",,,"Mainzelrenner","Ars Ludendi","11","15","Pool B","Mixed 1. Liga 1-8","1","X8","Paderborn",
"2021-09-04 09:00:00",,,"Hässliche Erdferkel","Disconnection","14","12","Pool A","Mixed 1. Liga 1-8","2","X8","Paderborn",
"2021-09-04 10:40:00",,,"Ars Ludendi","Sugar Mix","8","15","Pool B","Mixed 1. Liga 1-8","2","X8","Paderborn",
"2021-09-04 12:20:00",,,"Sturmflut","Hässliche Erdferkel","13","15","Pool A","Mixed 1. Liga 1-8","2","X8","Paderborn",
"2021-09-04 14:00:00",,,"Die 7 Todsünden","Ars Ludendi","12","15","Pool B","Mixed 1. Liga 1-8","2","X8","Paderborn",
"2021-09-04 15:40:00",,,"Disconnection","Sturmflut","15","8","Pool A","Mixed 1. Liga 1-8","2","X8","Paderborn",
"2021-09-04 17:20:00",,,"Sugar Mix","Die 7 Todsünden","15","12","Pool B","Mixed 1. Liga 1-8","2","X8","Paderborn",
"2021-09-04 10:00:00",,,"Munich Mules","Friss die Frisbee","10","15","Pool A","Mixed 3. Liga SO","1","mixed3so","ESV München",
"2021-09-04 12:30:00",,,"Friss die Frisbee","Ratisbona Eagles","15","8","Pool A","Mixed 3. Liga SO","1","mixed3so","ESV München",
"2021-09-04 15:00:00",,,"Ratisbona Eagles","Munich Mules","15","12","Pool A","Mixed 3. Liga SO","1","mixed3so","ESV München",
"2021-09-04 11:00:00",,,"Frizzly Bears 2","Bonobos","10","15","Pool A","Mixed 2. Liga Nord","1","mixed2n","Aachen",
"2021-09-04 13:30:00",,,"Bonobos","Frisbee Family","15","14","Pool A","Mixed 2. Liga Nord","1","mixed2n","Aachen",
"2021-09-04 16:00:00",,,"Frizzly Bears","Göttinger 7","15","8","Pool A","Mixed 2. Liga Nord","1","mixed2n","Aachen",
"2021-09-04 11:00:00",,,"Frisbee Family","Frizzly Bears","13","15","Pool A","Mixed 2. Liga Nord","2","mixed2n","Aachen",
"2021-09-04 13:30:00",,,"Frizzly Bears 2","Göttinger 7","15","9","Pool A","Mixed 2. Liga Nord","2","mixed2n","Aachen",
"2021-09-04 16:00:00",,,"Frisbee Family","Frizzly Bears 2","14","15","Pool A","Mixed 2. Liga Nord","2","mixed2n","Aachen",
"2021-09-04 11:00:00",,,"Zamperl","FT Ultimate Würzburg","15","12","Pool A","Mixed 2. Liga Süd","1","mixed2s","Dürmentingen",
"2021-09-04 13:30:00",,,"ULMtimates","Zamperl","3","15","Pool A","Mixed 2. Liga Süd","1","mixed2s","Dürmentingen",
"2021-09-04 16:00:00",,,"Tiefseetaucher","MINT","15","6","Pool A","Mixed 2. Liga Süd","1","mixed2s","Dürmentingen",
"2021-09-04 11:00:00",,,"MINT","ULMtimates","15","5","Pool A","Mixed 2. Liga Süd","2","mixed2s","Dürmentingen",
"2021-09-04 13:30:00",,,"FT Ultimate Würzburg","Tiefseetaucher","15","11","Pool A","Mixed 2. Liga Süd","2","mixed2s","Dürmentingen",
"2021-09-04 16:00:00",,,"FT Ultimate Würzburg","ULMtimates","15","6","Pool A","Mixed 2. Liga Süd","2","mixed2s","Dürmentingen",
"2021-09-04 11:00:00",,,"Torpedo Phoenix","Bonnsai","15","11","Pool A","Mixed 3. Liga NW","1","mixed3nw","Dortmund",
"2021-09-04 13:30:00",,,"Bonnsai","Hamburg Alsters","15","9","Pool A","Mixed 3. Liga NW","1","mixed3nw","Dortmund",
"2021-09-04 16:00:00",,,"Du bis Frisbee","Ultimate Lions Essen","15","5","Pool A","Mixed 3. Liga NW","1","mixed3nw","Dortmund",
"2021-09-04 11:00:00",,,"Hamburg Alsters","Du bis Frisbee","15","10","Pool A","Mixed 3. Liga NW","2","mixed3nw","Dortmund",
"2021-09-04 13:30:00",,,"Torpedo Phoenix","Ultimate Lions Essen","14","10","Pool A","Mixed 3. Liga NW","2","mixed3nw","Dortmund",
"2021-09-04 16:00:00",,,"Hamburg Alsters","Torpedo Phoenix","13","15","Pool A","Mixed 3. Liga NW","2","mixed3nw","Dortmund",
"2021-09-04 11:00:00",,,"Windhosen ","Farmers Lüneburg","4","15","Pool A","Mixed 4. Liga NW","1","mixed4nw","Wilhelmshaven",
"2021-09-04 13:30:00",,,"Farmers Lüneburg","Caracals","1","15","Pool A","Mixed 4. Liga NW","1","mixed4nw","Wilhelmshaven",
"2021-09-04 16:00:00",,,"Nullacht! Ultimate Münster","Windhosen ","15","2","Pool A","Mixed 4. Liga NW","1","mixed4nw","Wilhelmshaven",
"2021-09-04 11:00:00",,,"Nullacht! Ultimate Münster","Sunblocker Oldenburg","15","5","Pool A","Mixed 4. Liga NW","2","mixed4nw","Wilhelmshaven",
"2021-09-04 13:30:00",,,"Sunblocker Oldenburg","Windhosen ","14","9","Pool A","Mixed 4. Liga NW","2","mixed4nw","Wilhelmshaven",
"2021-09-04 16:00:00",,,"Caracals","Sunblocker Oldenburg","15","3","Pool A","Mixed 4. Liga NW","2","mixed4nw","Wilhelmshaven",
"2021-09-04 11:00:00",,,"Seed #5","Seed #1",,,"Pool A","DMO21_5er","1","X5","Wilhelmshaven",
"2021-09-04 13:30:00",,,"Seed #1","Seed #4",,,"Pool A","DMO21_5er","1","X5","Wilhelmshaven",
"2021-09-04 16:00:00",,,"Seed #2","Seed #3",,,"Pool A","DMO21_5er","1","X5","Wilhelmshaven",
"2021-09-04 11:00:00",,,"Seed #4","Seed #2",,,"Pool A","DMO21_5er","2","X5","Wilhelmshaven",
"2021-09-04 13:30:00",,,"Seed #5","Seed #3",,,"Pool A","DMO21_5er","2","X5","Wilhelmshaven",
"2021-09-04 16:00:00",,,"Seed #4","Seed #5",,,"Pool A","DMO21_5er","2","X5","Wilhelmshaven",
"2021-09-05 09:00:00","Pool B 4","Pool A 3","Hucks Ultimate Club Berlin","Maultaschen Tübingen","15","13","Finale 5-7","Mixed 1. Liga 9-16","1","mixed1","Münster",
"2021-09-05 10:40:00","Pool A 1","Pool B 2","Frau Rauscher & the Bembelboys","Next Generation Nürnberg","15","10","Finale 1-4","Mixed 1. Liga 9-16","1","mixed1","Münster",
"2021-09-05 12:20:00","Pool A 3","Pool B 3","Maultaschen Tübingen","Disckick Berlin","15","12","Finale 5-7","Mixed 1. Liga 9-16","1","mixed1","Münster",
"2021-09-05 14:00:00","SF Winner 1","SF Winner 2","Frau Rauscher & the Bembelboys","Dein Mudder Bremen","11","15","Finale 1-4 Finals","Mixed 1. Liga 9-16","1","mixed1","Münster",
"2021-09-05 10:40:00","Pool B 1","Pool A 2","Dein Mudder Bremen","Nullacht! Ultimate Münster","15","10","Finale 1-4","Mixed 1. Liga 9-16","2","mixed1","Münster",
"2021-09-05 14:00:00","SF Loser 1","SF Loser 2","Next Generation Nürnberg","Nullacht! Ultimate Münster","7","15","Finale 1-4 Finals","Mixed 1. Liga 9-16","2","mixed1","Münster",
"2021-09-05 09:00:00","Pool A 3","Pool B 4",,,,,"Finale 5-8","DMO21_8er","1","mixed1","Paderborn",
"2021-09-05 10:40:00","Pool A 1","Pool B 2",,,,,"Finale 1-4","DMO21_8er","1","mixed1","Paderborn",
"2021-09-05 12:20:00","Pool A 3","Pool B 3",,,,,"Finale 5-8","DMO21_8er","1","mixed1","Paderborn",
"2021-09-05 14:00:00","SF Winner 1","SF Winner 2",,,,,"Finale 1-4 Finals","DMO21_8er","1","mixed1","Paderborn",
"2021-09-05 09:00:00","Pool B 3","Pool A 4",,,,,"Finale 5-8","DMO21_8er","2","mixed1","Paderborn",
"2021-09-05 10:40:00","Pool B 1","Pool A 2",,,,,"Finale 1-4","DMO21_8er","2","mixed1","Paderborn",
"2021-09-05 12:20:00","Pool A 4","Pool B 4",,,,,"Finale 5-8","DMO21_8er","2","mixed1","Paderborn",
"2021-09-05 14:00:00","SF Loser 1","SF Loser 2",,,,,"Finale 1-4 Finals","DMO21_8er","2","mixed1","Paderborn",
"2021-09-05 09:00:00","Pool A 3","Pool B 4","RotoR Ultimate Berlin","Griffins Lehre","10","14","Finale 5-8","Mixed 3./4. Liga NO","1","mixed34no","Magdeburg",
"2021-09-05 10:40:00","Pool A 1","Pool B 2","Hund Flach Werfen","Schleudertrauma","12","8","Finale 1-4","Mixed 3./4. Liga NO","1","mixed34no","Magdeburg",
"2021-09-05 12:20:00","Pool A 3","Pool B 3","RotoR Ultimate Berlin","Saxy Divers","10","13","Finale 5-8","Mixed 3./4. Liga NO","1","mixed34no","Magdeburg",
"2021-09-05 14:00:00","SF Winner 1","SF Winner 2","Hund Flach Werfen","Pizza Volante","10","15","Finale 1-4 Finals","Mixed 3./4. Liga NO","1","mixed34no","Magdeburg",
"2021-09-05 09:00:00","Pool B 3","Pool A 4","Saxy Divers","Parkscheibe","15","9","Finale 5-8","Mixed 3./4. Liga NO","2","mixed34no","Magdeburg",
"2021-09-05 10:40:00","Pool B 1","Pool A 2","Pizza Volante","Hucks Ultimate Club Berlin II","15","7","Finale 1-4","Mixed 3./4. Liga NO","2","mixed34no","Magdeburg",
"2021-09-05 12:20:00","Pool A 4","Pool B 4","Parkscheibe","Griffins Lehre","8","15","Finale 5-8","Mixed 3./4. Liga NO","2","mixed34no","Magdeburg",
"2021-09-05 14:00:00","SF Loser 1","SF Loser 2","Schleudertrauma","Hucks Ultimate Club Berlin II","15","8","Finale 1-4 Finals","Mixed 3./4. Liga NO","2","mixed34no","Magdeburg",
"2021-09-05 09:00:00","Pool B 4","Pool A 3","Hechte","Colorado 2","3","15","Finale 5-7","Mixed 3. Liga SW","1","mixed3sw","TV Eppelheim bei Heidelberg",
"2021-09-05 10:40:00","Pool A 1","Pool B 2","TV Bad Rappenau","Flying Igels","15","2","Finale 1-4","Mixed 3. Liga SW","1","mixed3sw","TV Eppelheim bei Heidelberg",
"2021-09-05 12:20:00","Pool A 3","Pool B 3","Colorado 2","Disconnection 2","15","8","Finale 5-7","Mixed 3. Liga SW","1","mixed3sw","TV Eppelheim bei Heidelberg",
"2021-09-05 14:00:00","SF Winner 1","SF Winner 2","TV Bad Rappenau","Heidees TVE","15","5","Finale 1-4 Finals","Mixed 3. Liga SW","1","mixed3sw","TV Eppelheim bei Heidelberg",
"2021-09-05 10:40:00","Pool B 1","Pool A 2","Heidees TVE","Heidees","15","11","Finale 1-4","Mixed 3. Liga SW","2","mixed3sw","TV Eppelheim bei Heidelberg",
"2021-09-05 14:00:00","SF Loser 1","SF Loser 2","Flying Igels","Heidees","8","15","Finale 1-4 Finals","Mixed 3. Liga SW","2","mixed3sw","TV Eppelheim bei Heidelberg",
"2021-09-05 09:00:00","Pool B 4","Pool A 3",,,,,"Finale 5-7","DMO21_7er","1","X7","Münster",
"2021-09-05 10:40:00","Pool A 1","Pool B 2",,,,,"Finale 1-4","DMO21_7er","1","X7","Münster",
"2021-09-05 12:20:00","Pool A 3","Pool B 3",,,,,"Finale 5-7","DMO21_7er","1","X7","Münster",
"2021-09-05 14:00:00","SF Winner 1","SF Winner 2",,,,,"Finale 1-4 Finals","DMO21_7er","1","X7","Münster",
"2021-09-05 10:40:00","Pool B 1","Pool A 2",,,,,"Finale 1-4","DMO21_7er","2","X7","Münster",
"2021-09-05 14:00:00","SF Loser 1","SF Loser 2",,,,,"Finale 1-4 Finals","DMO21_7er","2","X7","Münster",
"2021-09-05 09:00:00","Pool A 3","Pool B 4","Colorado","Die 7 Todsünden","15","12","Finale 5-8","Mixed 1. Liga 1-8","1","X8","Paderborn",
"2021-09-05 10:40:00","Pool A 1","Pool B 2","Hässliche Erdferkel","Ars Ludendi","15","9","Finale 1-4","Mixed 1. Liga 1-8","1","X8","Paderborn",
"2021-09-05 12:20:00","Pool A 3","Pool B 3","Colorado","Mainzelrenner","15","14","Finale 5-8","Mixed 1. Liga 1-8","1","X8","Paderborn",
"2021-09-05 14:00:00","SF Winner 1","SF Winner 2","Hässliche Erdferkel","Disconnection","13","11","Finale 1-4 Finals","Mixed 1. Liga 1-8","1","X8","Paderborn",
"2021-09-05 09:00:00","Pool B 3","Pool A 4","Mainzelrenner","Sturmflut","12","13","Finale 5-8","Mixed 1. Liga 1-8","2","X8","Paderborn",
"2021-09-05 10:40:00","Pool B 1","Pool A 2","Sugar Mix","Disconnection","14","15","Finale 1-4","Mixed 1. Liga 1-8","2","X8","Paderborn",
"2021-09-05 12:20:00","Pool A 4","Pool B 4","Sturmflut","Die 7 Todsünden","15","11","Finale 5-8","Mixed 1. Liga 1-8","2","X8","Paderborn",
"2021-09-05 14:00:00","SF Loser 1","SF Loser 2","Ars Ludendi","Sugar Mix","8","15","Finale 1-4 Finals","Mixed 1. Liga 1-8","2","X8","Paderborn",
"2021-09-05 10:00:00",,,"Göttinger 7","Bonobos","9","15","Pool A","Mixed 2. Liga Nord","1","mixed2n","Aachen",
"2021-09-05 12:30:00",,,"Bonobos","Frizzly Bears","12","13","Pool A","Mixed 2. Liga Nord","1","mixed2n","Aachen",
"2021-09-05 10:00:00",,,"Frizzly Bears","Frizzly Bears 2","14","15","Pool A","Mixed 2. Liga Nord","2","mixed2n","Aachen",
"2021-09-05 12:30:00",,,"Göttinger 7","Frisbee Family","11","15","Pool A","Mixed 2. Liga Nord","2","mixed2n","Aachen",
"2021-09-05 10:00:00",,,"Tiefseetaucher","Zamperl","9","15","Pool A","Mixed 2. Liga Süd","1","mixed2s","Dürmentingen",
"2021-09-05 12:30:00",,,"Zamperl","MINT","15","7","Pool A","Mixed 2. Liga Süd","1","mixed2s","Dürmentingen",
"2021-09-05 10:00:00",,,"MINT","FT Ultimate Würzburg","11","15","Pool A","Mixed 2. Liga Süd","2","mixed2s","Dürmentingen",
"2021-09-05 12:30:00",,,"ULMtimates","Tiefseetaucher","6","15","Pool A","Mixed 2. Liga Süd","2","mixed2s","Dürmentingen",
"2021-09-05 10:00:00",,,"Ultimate Lions Essen","Bonnsai","8","15","Pool A","Mixed 3. Liga NW","1","mixed3nw","Dortmund",
"2021-09-05 12:30:00",,,"Bonnsai","Du bis Frisbee","10","15","Pool A","Mixed 3. Liga NW","1","mixed3nw","Dortmund",
"2021-09-05 10:00:00",,,"Du bis Frisbee","Torpedo Phoenix","13","14","Pool A","Mixed 3. Liga NW","2","mixed3nw","Dortmund",
"2021-09-05 12:30:00",,,"Ultimate Lions Essen","Hamburg Alsters","15","10","Pool A","Mixed 3. Liga NW","2","mixed3nw","Dortmund",
"2021-09-05 10:00:00",,,"Sunblocker Oldenburg","Farmers Lüneburg","15","9","Pool A","Mixed 4. Liga NW","1","mixed4nw","Wilhelmshaven",
"2021-09-05 12:30:00",,,"Farmers Lüneburg","Nullacht! Ultimate Münster","3","15","Pool A","Mixed 4. Liga NW","1","mixed4nw","Wilhelmshaven",
"2021-09-05 10:00:00",,,"Caracals","Nullacht! Ultimate Münster","15","6","Pool A","Mixed 4. Liga NW","2","mixed4nw","Wilhelmshaven",
"2021-09-05 12:30:00",,,"Windhosen ","Caracals","2","15","Pool A","Mixed 4. Liga NW","2","mixed4nw","Wilhelmshaven",
"2021-09-05 10:00:00",,,"Seed #3","Seed #1",,,"Pool A","DMO21_5er","1","X5","Wilhelmshaven",
"2021-09-05 12:30:00",,,"Seed #1","Seed #2",,,"Pool A","DMO21_5er","1","X5","Wilhelmshaven",
"2021-09-05 10:00:00",,,"Seed #2","Seed #5",,,"Pool A","DMO21_5er","2","X5","Wilhelmshaven",
"2021-09-05 12:30:00",,,"Seed #3","Seed #4",,,"Pool A","DMO21_5er","2","X5","Wilhelmshaven",
"2021-09-11 09:00:00",,,"Mainzelmädchen","GoHo Girls","15","6","Pool A","Damen 1. Liga","1","damen1","Berlin",
"2021-09-11 10:40:00",,,"Heidelbärchen","M-Pfau","15","1","Pool B","Damen 1. Liga","1","damen1","Berlin",
"2021-09-11 12:20:00",,,"Seagulls","Mainzelmädchen","10","15","Pool A","Damen 1. Liga","1","damen1","Berlin",
"2021-09-11 14:00:00",,,"Frankas","Heidelbärchen","3","15","Pool B","Damen 1. Liga","1","damen1","Berlin",
"2021-09-11 15:40:00",,,"Mainzelmädchen","Woodchicas","15","7","Pool A","Damen 1. Liga","1","damen1","Berlin",
"2021-09-11 17:20:00",,,"Heidelbärchen","jinX","14","15","Pool B","Damen 1. Liga","1","damen1","Berlin",
"2021-09-11 09:00:00",,,"Woodchicas","Seagulls","9","15","Pool A","Damen 1. Liga","2","damen1","Berlin",
"2021-09-11 10:40:00",,,"jinX","Frankas","15","4","Pool B","Damen 1. Liga","2","damen1","Berlin",
"2021-09-11 12:20:00",,,"GoHo Girls","Woodchicas","7","15","Pool A","Damen 1. Liga","2","damen1","Berlin",
"2021-09-11 14:00:00",,,"M-Pfau","jinX","4","15","Pool B","Damen 1. Liga","2","damen1","Berlin",
"2021-09-11 15:40:00",,,"Seagulls","GoHo Girls","15","10","Pool A","Damen 1. Liga","2","damen1","Berlin",
"2021-09-11 17:20:00",,,"Frankas","M-Pfau","9","15","Pool B","Damen 1. Liga","2","damen1","Berlin",
"2021-09-11 10:00:00",,,"Metronom","U de Cologne","8","15","Pool A","Damen 2. Liga Nord","1","damen2n","Aachen",
"2021-09-11 13:30:00",,,"U de Cologne","Frizzly Bears","12","13","Pool A","Damen 2. Liga Nord","1","damen2n","Aachen",
"2021-09-11 16:00:00",,,"Gulls2Sea","Bonobabes","5","15","Pool A","Damen 2. Liga Nord","1","damen2n","Aachen",
"2021-09-11 10:00:00",,,"Frizzly Bears","Gulls2Sea","15","6","Pool A","Damen 2. Liga Nord","2","damen2n","Aachen",
"2021-09-11 13:30:00",,,"Metronom","Bonobabes","15","14","Pool A","Damen 2. Liga Nord","2","damen2n","Aachen",
"2021-09-11 16:00:00",,,"Frizzly Bears","Metronom","14","10","Pool A","Damen 2. Liga Nord","2","damen2n","Aachen",
"2021-09-11 09:00:00",,,"Bad Skid","BORA","15","11","Pool A","Open 1. Liga 1-8","1","open1a","Schwaigern",
"2021-09-11 10:40:00",,,"MUC","Frizzly Bears","15","11","Pool B","Open 1. Liga 1-8","1","open1a","Schwaigern",
"2021-09-11 12:20:00",,,"Heidees","Bad Skid","12","15","Pool A","Open 1. Liga 1-8","1","open1a","Schwaigern",
"2021-09-11 14:00:00",,,"Ars Ludendi","MUC","15","14","Pool B","Open 1. Liga 1-8","1","open1a","Schwaigern",
"2021-09-11 15:40:00",,,"Bad Skid","Wall City","8","15","Pool A","Open 1. Liga 1-8","1","open1a","Schwaigern",
"2021-09-11 17:20:00",,,"MUC","7 Schwaben","15","12","Pool B","Open 1. Liga 1-8","1","open1a","Schwaigern",
"2021-09-11 09:00:00",,,"Wall City","Heidees","15","10","Pool A","Open 1. Liga 1-8","2","open1a","Schwaigern",
"2021-09-11 10:40:00",,,"7 Schwaben","Ars Ludendi","13","15","Pool B","Open 1. Liga 1-8","2","open1a","Schwaigern",
"2021-09-11 12:20:00",,,"BORA","Wall City","5","15","Pool A","Open 1. Liga 1-8","2","open1a","Schwaigern",
"2021-09-11 14:00:00",,,"Frizzly Bears","7 Schwaben","15","12","Pool B","Open 1. Liga 1-8","2","open1a","Schwaigern",
"2021-09-11 15:40:00",,,"Heidees","BORA","11","15","Pool A","Open 1. Liga 1-8","2","open1a","Schwaigern",
"2021-09-11 17:20:00",,,"Ars Ludendi","Frizzly Bears","15","13","Pool B","Open 1. Liga 1-8","2","open1a","Schwaigern",
"2021-09-11 09:00:00",,,"Gummibärchen","Hässliche Erdferkel","8","15","Pool A","Open 1. Liga 9-16","1","open1b","MTV Karlsruhe",
"2021-09-11 11:30:00",,,"Goldfingers","GeRey","12","15","Pool A","Open 1. Liga 9-16","1","open1b","MTV Karlsruhe",
"2021-09-11 15:40:00",,,"GeRey","Gummibärchen","9","15","Pool A","Open 1. Liga 9-16","1","open1b","MTV Karlsruhe",
"2021-09-11 17:20:00",,,"Hardfisch","Frank N.","15","11","Pool A","Open 1. Liga 9-16","1","open1b","MTV Karlsruhe",
"2021-09-11 09:00:00",,,"GeRey","Hardfisch","10","15","Pool A","Open 1. Liga 9-16","2","open1b","MTV Karlsruhe",
"2021-09-11 11:30:00",,,"Hardfisch","Gummibärchen","15","12","Pool A","Open 1. Liga 9-16","2","open1b","MTV Karlsruhe",
"2021-09-11 13:10:00",,,"Frank N.","Hässliche Erdferkel","15","14","Pool A","Open 1. Liga 9-16","2","open1b","MTV Karlsruhe",
"2021-09-11 14:50:00",,,"Frank N.","Goldfingers","15","14","Pool A","Open 1. Liga 9-16","2","open1b","MTV Karlsruhe",
"2021-09-11 17:20:00",,,"Hässliche Erdferkel","Goldfingers","15","9","Pool A","Open 1. Liga 9-16","2","open1b","MTV Karlsruhe",
"2021-09-11 09:00:00",,,"Drehst'n Deckel","Hard2fisch","13","15","Pool A","Open 2. Liga Nord","1","open2n","Bonn",
"2021-09-11 11:10:00",,,"Funatics","Bonnsai","14","15","Pool A","Open 2. Liga Nord","1","open2n","Bonn",
"2021-09-11 13:20:00",,,"Funatics","Family Ultimate","13","15","Pool A","Open 2. Liga Nord","1","open2n","Bonn",
"2021-09-11 15:30:00",,,"Bonnsai","Hard2fisch","15","9","Pool A","Open 2. Liga Nord","1","open2n","Bonn",
"2021-09-11 17:10:00",,,"Family Ultimate","Drehst'n Deckel","15","10","Pool A","Open 2. Liga Nord","1","open2n","Bonn",
"2021-09-11 09:00:00",,,"Family Ultimate","Frühsport 02","12","15","Pool A","Open 2. Liga Nord","2","open2n","Bonn",
"2021-09-11 11:10:00",,,"Hard2fisch","Frühsport 02","10","15","Pool A","Open 2. Liga Nord","2","open2n","Bonn",
"2021-09-11 13:20:00",,,"Drehst'n Deckel","Bonnsai","7","15","Pool A","Open 2. Liga Nord","2","open2n","Bonn",
"2021-09-11 15:30:00",,,"Frühsport 02","Funatics","15","8","Pool A","Open 2. Liga Nord","2","open2n","Bonn",
"2021-09-11 10:00:00",,,"Wolpertinger","Sturm und Drang","15","5","Pool A","Open 2. Liga Süd","1","open2s","ESV München",
"2021-09-11 12:40:00",,,"2MUCL","Wolpertinger","8","15","Pool A","Open 2. Liga Süd","1","open2s","ESV München",
"2021-09-11 15:20:00",,,"Wolpertinger","THW","15","10","Pool A","Open 2. Liga Süd","1","open2s","ESV München",
"2021-09-11 10:00:00",,,"Kiel 2","Paradisco","15","7","Pool A","Open 2. Liga Süd","2","open2s","ESV München",
"2021-09-11 12:40:00",,,"Sturm und Drang","Kiel 2","9","15","Pool A","Open 2. Liga Süd","2","open2s","ESV München",
"2021-09-11 15:20:00",,,"Kiel 2","2MUCL","15","4","Pool A","Open 2. Liga Süd","2","open2s","ESV München",
"2021-09-11 09:00:00",,,"Disckick","Schleudertrauma","15","8","Pool A","Open 3. Liga NO","1","open3no","Magdeburg",
"2021-09-11 10:40:00",,,"DJ Dahlem","Pizza Volante","1","15","Pool A","Open 3. Liga NO","1","open3no","Magdeburg",
"2021-09-11 13:10:00",,,"Disckick","DJ Dahlem","15","1","Pool A","Open 3. Liga NO","1","open3no","Magdeburg",
"2021-09-11 15:40:00",,,"DJ Dahlem","EazyEastKoast","1","15","Pool A","Open 3. Liga NO","1","open3no","Magdeburg",
"2021-09-11 17:20:00",,,"Saxy Divers","Schleudertrauma","15","13","Pool A","Open 3. Liga NO","1","open3no","Magdeburg",
"2021-09-11 09:50:00",,,"EazyEastKoast","Saxy Divers","15","13","Pool A","Open 3. Liga NO","2","open3no","Magdeburg",
"2021-09-11 12:20:00",,,"Schleudertrauma","EazyEastKoast","9","15","Pool A","Open 3. Liga NO","2","open3no","Magdeburg",
"2021-09-11 14:00:00",,,"Pizza Volante","Saxy Divers","15","10","Pool A","Open 3. Liga NO","2","open3no","Magdeburg",
"2021-09-11 16:30:00",,,"Pizza Volante","Disckick","11","15","Pool A","Open 3. Liga NO","2","open3no","Magdeburg",
"2021-09-11 09:00:00",,,"TeKielas","Frisbielefeld","15","5","Pool A","Open 3. Liga NW","1","open3nw","Duisburg",
"2021-09-11 10:40:00",,,"Bonobos","Die 7 Todsünden","14","15","Pool A","Open 3. Liga NW","1","open3nw","Duisburg",
"2021-09-11 13:10:00",,,"TeKielas","Bonobos","13","15","Pool A","Open 3. Liga NW","1","open3nw","Duisburg",
"2021-09-11 15:40:00",,,"Bonobos","Caracals","14","12","Pool A","Open 3. Liga NW","1","open3nw","Duisburg",
"2021-09-11 17:20:00",,,"DU bist Frisbee","Frisbielefeld","15","3","Pool A","Open 3. Liga NW","1","open3nw","Duisburg",
"2021-09-11 09:50:00",,,"Caracals","DU bist Frisbee","15","12","Pool A","Open 3. Liga NW","2","open3nw","Duisburg",
"2021-09-11 12:20:00",,,"Frisbielefeld","Caracals","5","15","Pool A","Open 3. Liga NW","2","open3nw","Duisburg",
"2021-09-11 14:00:00",,,"Die 7 Todsünden","DU bist Frisbee","15","13","Pool A","Open 3. Liga NW","2","open3nw","Duisburg",
"2021-09-11 16:30:00",,,"Die 7 Todsünden","TeKielas","12","15","Pool A","Open 3. Liga NW","2","open3nw","Duisburg",
"2021-09-11 09:00:00",,,"Cultimaters","FT Würzburg Ultimate Spice Boyz","2","15","Pool A","Open 3. Liga Süd","1","open3s","Würzburg",
"2021-09-11 10:40:00",,,"enerGi","Schwabing Frisbee Buam e.V.","15","10","Pool A","Open 3. Liga Süd","1","open3s","Würzburg",
"2021-09-11 13:10:00",,,"Schwabing Frisbee Buam e.V.","FT Würzburg Ultimate Spice Boyz","13","15","Pool A","Open 3. Liga Süd","1","open3s","Würzburg",
"2021-09-11 15:40:00",,,"Ratisbona Eagles","Schwabing Frisbee Buam e.V.","15","11","Pool A","Open 3. Liga Süd","1","open3s","Würzburg",
"2021-09-11 17:20:00",,,"Cultimaters","Wer(f)wölfe","4","15","Pool A","Open 3. Liga Süd","1","open3s","Würzburg",
"2021-09-11 09:50:00",,,"Wer(f)wölfe","Ratisbona Eagles","15","12","Pool A","Open 3. Liga Süd","2","open3s","Würzburg",
"2021-09-11 12:20:00",,,"Cultimaters","Ratisbona Eagles","3","15","Pool A","Open 3. Liga Süd","2","open3s","Würzburg",
"2021-09-11 14:00:00",,,"Wer(f)wölfe","enerGi","11","15","Pool A","Open 3. Liga Süd","2","open3s","Würzburg",
"2021-09-11 16:30:00",,,"FT Würzburg Ultimate Spice Boyz","enerGi","15","12","Pool A","Open 3. Liga Süd","2","open3s","Würzburg",
"2021-09-11 09:00:00",,,"Seed #3","Seed #4",,,"Pool A","DMO21_6er","1","X6","Würzburg",
"2021-09-11 11:10:00",,,"Seed #1","Seed #6",,,"Pool A","DMO21_6er","1","X6","Würzburg",
"2021-09-11 13:20:00",,,"Seed #1","Seed #2",,,"Pool A","DMO21_6er","1","X6","Würzburg",
"2021-09-11 15:30:00",,,"Seed #6","Seed #4",,,"Pool A","DMO21_6er","1","X6","Würzburg",
"2021-09-11 17:10:00",,,"Seed #2","Seed #3",,,"Pool A","DMO21_6er","1","X6","Würzburg",
"2021-09-11 09:00:00",,,"Seed #2","Seed #5",,,"Pool A","DMO21_6er","2","X6","Würzburg",
"2021-09-11 11:10:00",,,"Seed #4","Seed #5",,,"Pool A","DMO21_6er","2","X6","Würzburg",
"2021-09-11 13:20:00",,,"Seed #3","Seed #6",,,"Pool A","DMO21_6er","2","X6","Würzburg",
"2021-09-11 15:30:00",,,"Seed #5","Seed #1",,,"Pool A","DMO21_6er","2","X6","Würzburg",
"2021-09-11 10:00:00",,,"THW","2MUCL","15","7","Pool A","Open 2. Liga Süd","3","open2s","ESV München",
"2021-09-11 12:40:00",,,"THW","Paradisco","15","6","Pool A","Open 2. Liga Süd","3","open2s","ESV München",
"2021-09-11 15:20:00",,,"Sturm und Drang","Paradisco","15","12","Pool A","Open 2. Liga Süd","3","open2s","ESV München",
"2021-09-11 11:00:00",,,"Black Foxx","Heidelbärchen II","14","7","Pool A","Damen 2. Liga Süd","1","damen2s","Tübingen",
"2021-09-11 13:30:00",,,"Heidelbärchen II","MarGie","6","15","Pool A","Damen 2. Liga Süd","1","damen2s","Tübingen",
"2021-09-11 16:00:00",,,"Black Foxx","MarGie","13","15","Pool A","Damen 2. Liga Süd","1","damen2s","Tübingen",
"2021-09-11 11:00:00",,,"MarGie","MissTÜrious","12","15","Pool A","Damen 2. Liga Süd","2","damen2s","Tübingen",
"2021-09-11 13:30:00",,,"MissTÜrious","Black Foxx","15","6","Pool A","Damen 2. Liga Süd","2","damen2s","Tübingen",
"2021-09-11 16:00:00",,,"MissTÜrious","Heidelbärchen II","15","4","Pool A","Damen 2. Liga Süd","2","damen2s","Tübingen",
"2021-09-11 11:00:00",,,"Seed #1.","Seed #4",,,"Pool A","DMO21_4er","1","openX","Tübingen",
"2021-09-11 13:30:00",,,"Seed #4","Seed #2",,,"Pool A","DMO21_4er","1","openX","Tübingen",
"2021-09-11 16:00:00",,,"Seed #1.","Seed #2",,,"Pool A","DMO21_4er","1","openX","Tübingen",
"2021-09-11 11:00:00",,,"Seed #2","Seed #3",,,"Pool A","DMO21_4er","2","openX","Tübingen",
"2021-09-11 13:30:00",,,"Seed #3","Seed #1.",,,"Pool A","DMO21_4er","2","openX","Tübingen",
"2021-09-11 16:00:00",,,"Seed #3","Seed #4",,,"Pool A","DMO21_4er","2","openX","Tübingen",
"2021-09-12 09:00:00","Pool A 3","Pool B 4","Woodchicas","Frankas","15","9","Finale 5-8","Damen 1. Liga","1","damen1","Berlin",
"2021-09-12 10:40:00","Pool A 1","Pool B 2","Mainzelmädchen","Heidelbärchen","15","12","Finale 1-4","Damen 1. Liga","1","damen1","Berlin",
"2021-09-12 12:20:00","Pool A 3","Pool B 3","Woodchicas","M-Pfau","12","11","Finale 5-8","Damen 1. Liga","1","damen1","Berlin",
"2021-09-12 14:00:00","SF Winner 1","SF Winner 2","Mainzelmädchen","jinX","15","14","Finale 1-4 Finals","Damen 1. Liga","1","damen1","Berlin",
"2021-09-12 09:00:00","Pool B 3","Pool A 4","M-Pfau","GoHo Girls","9","15","Finale 5-8","Damen 1. Liga","2","damen1","Berlin",
"2021-09-12 10:40:00","Pool B 1","Pool A 2","jinX","Seagulls","15","13","Finale 1-4","Damen 1. Liga","2","damen1","Berlin",
"2021-09-12 12:20:00","Pool A 4","Pool B 4","GoHo Girls","Frankas","15","2","Finale 5-8","Damen 1. Liga","2","damen1","Berlin",
"2021-09-12 14:00:00","SF Loser 1","SF Loser 2","Heidelbärchen","Seagulls","15","11","Finale 1-4 Finals","Damen 1. Liga","2","damen1","Berlin",
"2021-09-12 10:00:00",,,"Bonobabes","U de Cologne","6","15","Pool A","Damen 2. Liga Nord","1","damen2n","Aachen",
"2021-09-12 12:30:00",,,"U de Cologne","Gulls2Sea","15","7","Pool A","Damen 2. Liga Nord","1","damen2n","Aachen",
"2021-09-12 10:00:00",,,"Gulls2Sea","Metronom","15","14","Pool A","Damen 2. Liga Nord","2","damen2n","Aachen",
"2021-09-12 12:30:00",,,"Bonobabes","Frizzly Bears","9","15","Pool A","Damen 2. Liga Nord","2","damen2n","Aachen",
"2021-09-12 09:00:00","Pool A 3","Pool B 4","BORA","7 Schwaben","12","15","Finale 5-8","Open 1. Liga 1-8","1","open1a","Schwaigern",
"2021-09-12 10:40:00","Pool A 1","Pool B 2","Wall City","MUC","15","10","Finale 1-4","Open 1. Liga 1-8","1","open1a","Schwaigern",
"2021-09-12 12:20:00","Pool A 3","Pool B 3","BORA","Frizzly Bears","15","14","Finale 5-8","Open 1. Liga 1-8","1","open1a","Schwaigern",
"2021-09-12 14:00:00","SF Winner 1","SF Winner 2","Wall City","Bad Skid","12","13","Finale 1-4 Finals","Open 1. Liga 1-8","1","open1a","Schwaigern",
"2021-09-12 09:00:00","Pool B 3","Pool A 4","Frizzly Bears","Heidees","15","10","Finale 5-8","Open 1. Liga 1-8","2","open1a","Schwaigern",
"2021-09-12 10:40:00","Pool B 1","Pool A 2","Ars Ludendi","Bad Skid","12","15","Finale 1-4","Open 1. Liga 1-8","2","open1a","Schwaigern",
"2021-09-12 12:20:00","Pool A 4","Pool B 4","Heidees","7 Schwaben","15","10","Finale 5-8","Open 1. Liga 1-8","2","open1a","Schwaigern",
"2021-09-12 14:00:00","SF Loser 1","SF Loser 2","MUC","Ars Ludendi","15","11","Finale 1-4 Finals","Open 1. Liga 1-8","2","open1a","Schwaigern",
"2021-09-12 09:00:00",,,"Gummibärchen","Frank N.","10","15","Pool A","Open 1. Liga 9-16","1","open1b","MTV Karlsruhe",
"2021-09-12 10:40:00",,,"Goldfingers","Hardfisch","13","15","Pool A","Open 1. Liga 9-16","1","open1b","MTV Karlsruhe",
"2021-09-12 13:10:00",,,"Hardfisch","Hässliche Erdferkel","15","11","Pool A","Open 1. Liga 9-16","1","open1b","MTV Karlsruhe",
"2021-09-12 09:00:00",,,"Hässliche Erdferkel","GeRey","15","12","Pool A","Open 1. Liga 9-16","2","open1b","MTV Karlsruhe",
"2021-09-12 11:30:00",,,"GeRey","Frank N.","15","11","Pool A","Open 1. Liga 9-16","2","open1b","MTV Karlsruhe",
"2021-09-12 13:10:00",,,"Goldfingers","Gummibärchen","15","14","Pool A","Open 1. Liga 9-16","2","open1b","MTV Karlsruhe",
"2021-09-12 09:00:00",,,"Frühsport 02","Bonnsai","15","11","Pool A","Open 2. Liga Nord","1","open2n","Bonn",
"2021-09-12 11:10:00",,,"Hard2fisch","Family Ultimate","15","14","Pool A","Open 2. Liga Nord","1","open2n","Bonn",
"2021-09-12 13:20:00",,,"Funatics","Hard2fisch",,,"Pool A","Open 2. Liga Nord","1","open2n","Bonn",
"2021-09-12 09:00:00",,,"Drehst'n Deckel","Funatics","9","15","Pool A","Open 2. Liga Nord","2","open2n","Bonn",
"2021-09-12 11:10:00",,,"Frühsport 02","Drehst'n Deckel",,,"Pool A","Open 2. Liga Nord","2","open2n","Bonn",
"2021-09-12 13:20:00",,,"Bonnsai","Family Ultimate","15","8","Pool A","Open 2. Liga Nord","2","open2n","Bonn",
"2021-09-12 10:00:00",,,"Paradisco","Wolpertinger","9","15","Pool A","Open 2. Liga Süd","1","open2s","ESV München",
"2021-09-12 12:40:00",,,"Kiel 2","Wolpertinger","15","14","Pool A","Open 2. Liga Süd","1","open2s","ESV München",
"2021-09-12 10:00:00",,,"THW","Kiel 2","11","15","Pool A","Open 2. Liga Süd","2","open2s","ESV München",
"2021-09-12 12:40:00",,,"Sturm und Drang","THW","6","15","Pool A","Open 2. Liga Süd","2","open2s","ESV München",
"2021-09-12 09:00:00",,,"Schleudertrauma","DJ Dahlem","15","3","Pool A","Open 3. Liga NO","1","open3no","Magdeburg",
"2021-09-12 10:40:00",,,"EazyEastKoast","Pizza Volante","14","12","Pool A","Open 3. Liga NO","1","open3no","Magdeburg",
"2021-09-12 13:10:00",,,"Disckick","EazyEastKoast","15","7","Pool A","Open 3. Liga NO","1","open3no","Magdeburg",
"2021-09-12 09:00:00",,,"Saxy Divers","Disckick","11","15","Pool A","Open 3. Liga NO","2","open3no","Magdeburg",
"2021-09-12 11:30:00",,,"Saxy Divers","DJ Dahlem","15","2","Pool A","Open 3. Liga NO","2","open3no","Magdeburg",
"2021-09-12 13:10:00",,,"Pizza Volante","Schleudertrauma","11","13","Pool A","Open 3. Liga NO","2","open3no","Magdeburg",
"2021-09-12 09:00:00",,,"Frisbielefeld","Bonobos","6","15","Pool A","Open 3. Liga NW","1","open3nw","Duisburg",
"2021-09-12 10:40:00",,,"Caracals","Die 7 Todsünden","15","10","Pool A","Open 3. Liga NW","1","open3nw","Duisburg",
"2021-09-12 13:10:00",,,"TeKielas","Caracals","15","13","Pool A","Open 3. Liga NW","1","open3nw","Duisburg",
"2021-09-12 09:00:00",,,"DU bist Frisbee","TeKielas","15","5","Pool A","Open 3. Liga NW","2","open3nw","Duisburg",
"2021-09-12 11:30:00",,,"DU bist Frisbee","Bonobos","15","14","Pool A","Open 3. Liga NW","2","open3nw","Duisburg",
"2021-09-12 13:10:00",,,"Die 7 Todsünden","Frisbielefeld","15","3","Pool A","Open 3. Liga NW","2","open3nw","Duisburg",
"2021-09-12 09:00:00",,,"Schwabing Frisbee Buam e.V.","Cultimaters","15","2","Pool A","Open 3. Liga Süd","1","open3s","Würzburg",
"2021-09-12 10:40:00",,,"Ratisbona Eagles","enerGi","8","15","Pool A","Open 3. Liga Süd","1","open3s","Würzburg",
"2021-09-12 13:10:00",,,"FT Würzburg Ultimate Spice Boyz","Ratisbona Eagles","15","7","Pool A","Open 3. Liga Süd","1","open3s","Würzburg",
"2021-09-12 09:00:00",,,"FT Würzburg Ultimate Spice Boyz","Wer(f)wölfe","14","13","Pool A","Open 3. Liga Süd","2","open3s","Würzburg",
"2021-09-12 11:30:00",,,"Wer(f)wölfe","Schwabing Frisbee Buam e.V.","10","15","Pool A","Open 3. Liga Süd","2","open3s","Würzburg",
"2021-09-12 13:10:00",,,"enerGi","Cultimaters","15","1","Pool A","Open 3. Liga Süd","2","open3s","Würzburg",
"2021-09-12 09:00:00",,,"Seed #5","Seed #6",,,"Pool A","DMO21_6er","1","X6","Würzburg",
"2021-09-12 11:10:00",,,"Seed #4","Seed #2",,,"Pool A","DMO21_6er","1","X6","Würzburg",
"2021-09-12 13:20:00",,,"Seed #1","Seed #4",,,"Pool A","DMO21_6er","1","X6","Würzburg",
"2021-09-12 09:00:00",,,"Seed #3","Seed #1",,,"Pool A","DMO21_6er","2","X6","Würzburg",
"2021-09-12 11:10:00",,,"Seed #5","Seed #3",,,"Pool A","DMO21_6er","2","X6","Würzburg",
"2021-09-12 13:20:00",,,"Seed #6","Seed #2",,,"Pool A","DMO21_6er","2","X6","Würzburg",
"2021-09-12 10:00:00",,,"2MUCL","Sturm und Drang","12","15","Pool A","Open 2. Liga Süd","3","open2s","ESV München",
"2021-09-12 12:40:00",,,"Paradisco","2MUCL","15","10","Pool A","Open 2. Liga Süd","3","open2s","ESV München",
"2021-09-12 10:00:00","Pool A 1","Pool A 4",,,,,"Finale 1-4","DMO21_4er","1","openX","Tübingen",
"2021-09-12 12:30:00","SF Winner 1","SF Winner 2",,,,,"Finale 1-4 Finals","DMO21_4er","1","openX","Tübingen",
"2021-09-12 10:00:00","Pool A 2","Pool A 3",,,,,"Finale 1-4","DMO21_4er","2","openX","Tübingen",
"2021-09-12 12:30:00","SF Loser 1","SF Loser 2",,,,,"Finale 1-4 Finals","DMO21_4er","2","openX","Tübingen",
"2021-09-25 10:00:00",,,"Bonnsai","GUC e.V.","5","15","Pool A","WMUCC Quali Open Masters","1","wmucc open","Neuss",
"2021-09-25 12:30:00",,,"GUC e.V.","Hardfisch","15","12","Pool A","WMUCC Quali Open Masters","1","wmucc open","Neuss",
"2021-09-25 15:30:00",,,"Family Ultimate","Wolpertinger","6","15","Pool A","WMUCC Quali Open Masters","1","wmucc open","Neuss",
"2021-09-25 10:00:00",,,"Hardfisch","Family Ultimate","15","6","Pool A","WMUCC Quali Open Masters","2","wmucc open","Neuss",
"2021-09-25 12:30:00",,,"Bonnsai","Wolpertinger","9","15","Pool A","WMUCC Quali Open Masters","2","wmucc open","Neuss",
"2021-09-25 15:30:00",,,"Hardfisch","Bonnsai","15","6","Pool A","WMUCC Quali Open Masters","2","wmucc open","Neuss",
"2021-09-25 11:00:00",,,"Spätmix","Old Man Line","15","12","Pool A","WMUCC Quali Mixed Masters","1","wmucc mixed","Köln",
"2021-09-25 13:30:00",,,"Old Man Line","SugarMix","10","15","Pool A","WMUCC Quali Mixed Masters","1","wmucc mixed","Köln",
"2021-09-25 16:00:00",,,"S5MmiXed","Heidees","9","15","Pool A","WMUCC Quali Mixed Masters","1","wmucc mixed","Köln",
"2021-09-25 11:00:00",,,"SugarMix","S5MmiXed","15","13","Pool A","WMUCC Quali Mixed Masters","2","wmucc mixed","Köln",
"2021-09-25 13:30:00",,,"Spätmix","Heidees","14","15","Pool A","WMUCC Quali Mixed Masters","2","wmucc mixed","Köln",
"2021-09-25 16:00:00",,,"SugarMix","Spätmix","15","10","Pool A","WMUCC Quali Mixed Masters","2","wmucc mixed","Köln",
"2021-09-25 12:00:00",,,"jinX","Seagulls","12","13","Pool A","WMUCC Quali Frauen Masters","1","wmucc","Berlin",
"2021-09-26 10:00:00",,,"Heidees","Old Man Line","15","9","Pool A","WMUCC Quali Mixed Masters","1","wmucc mixed","Köln",
"2021-09-26 12:30:00",,,"Old Man Line","S5MmiXed","15","14","Pool A","WMUCC Quali Mixed Masters","1","wmucc mixed","Köln",
"2021-09-26 10:00:00",,,"S5MmiXed","Spätmix","11","15","Pool A","WMUCC Quali Mixed Masters","2","wmucc mixed","Köln",
"2021-09-26 12:30:00",,,"Heidees","SugarMix","15","12","Pool A","WMUCC Quali Mixed Masters","2","wmucc mixed","Köln",
"2021-09-26 10:00:00",,,"Wolpertinger","GUC e.V.","7","15","Pool A","WMUCC Quali Open Masters","1","wmucc open","Neuss",
"2021-09-26 12:30:00",,,"GUC e.V.","Family Ultimate","15","9","Pool A","WMUCC Quali Open Masters","1","wmucc open","Neuss",
"2021-09-26 10:00:00",,,"Family Ultimate","Bonnsai","9","15","Pool A","WMUCC Quali Open Masters","2","wmucc open","Neuss",
"2021-09-26 12:30:00",,,"Wolpertinger","Hardfisch","11","15","Pool A","WMUCC Quali Open Masters","2","wmucc open","Neuss",
"2021-10-16 09:00:00",,,"Wall City","Hardfisch","13","7","Pool A","WUCC Quali Open","1","wucc","Berlin",
"2021-10-16 11:15:00",,,"Bad Skid","Ars Ludendi","13","2","Pool A","WUCC Quali Open","1","wucc","Berlin",
"2021-10-16 12:40:00",,,"jinX","Seagulls","15","11","Pool A","WUCC Quali Damen","1","wucc","Berlin",
"2021-10-16 14:20:00",,,"7 Schwaben","Wall City","9","13","Pool A","WUCC Quali Open","1","wucc","Berlin",
"2021-10-16 16:35:00",,,"Heidees","MUC","6","13","Pool A","WUCC Quali Open","1","wucc","Berlin",
"2021-10-16 09:00:00",,,"MUC","7 Schwaben","10","13","Pool A","WUCC Quali Open","2","wucc","Berlin",
"2021-10-16 11:15:00",,,"Heidees","7 Schwaben","9","13","Pool A","WUCC Quali Open","2","wucc","Berlin",
"2021-10-16 14:20:00",,,"Heidees","Bad Skid","9","13","Pool A","WUCC Quali Open","2","wucc","Berlin",
"2021-10-16 16:35:00",,,"Ars Ludendi","Wall City","7","13","Pool A","WUCC Quali Open","2","wucc","Berlin",
"2021-10-16 09:00:00",,,"Ars Ludendi","Heidees","10","13","Pool A","WUCC Quali Open","3","wucc","Berlin",
"2021-10-16 11:15:00",,,"Hardfisch","MUC","8","13","Pool A","WUCC Quali Open","3","wucc","Berlin",
"2021-10-16 14:20:00",,,"Ars Ludendi","Hardfisch","13","12","Pool A","WUCC Quali Open","3","wucc","Berlin",
"2021-10-16 16:35:00",,,"Bad Skid","7 Schwaben","13","11","Pool A","WUCC Quali Open","3","wucc","Berlin",
"2021-10-16 10:45:00",,,"Maultaschen","Disconnection","9","15","Pool A","WUCC Quali Mixed","1","wucc","Frankfurt am Main",
"2021-10-16 13:15:00",,,"Disconnection","Frau Rauscher & the Bembelboys","13","10","Pool A","WUCC Quali Mixed","1","wucc","Frankfurt am Main",
"2021-10-16 15:45:00",,,"Colorado","Mainzelrenner","15","11","Pool A","WUCC Quali Mixed","1","wucc","Frankfurt am Main",
"2021-10-16 10:45:00",,,"Frau Rauscher & the Bembelboys","Colorado","15","14","Pool A","WUCC Quali Mixed","2","wucc","Frankfurt am Main",
"2021-10-16 13:15:00",,,"Maultaschen","Mainzelrenner","4","15","Pool A","WUCC Quali Mixed","2","wucc","Frankfurt am Main",
"2021-10-17 09:00:00",,,"Wall City","Heidees","13","4","Pool A","WUCC Quali Open","1","wucc","Berlin",
"2021-10-17 11:15:00",,,"7 Schwaben","Ars Ludendi","13","4","Pool A","WUCC Quali Open","1","wucc","Berlin",
"2021-10-17 13:30:00",,,"Bad Skid","Wall City","13","12","Pool A","WUCC Quali Open","1","wucc","Berlin",
"2021-10-17 09:00:00",,,"MUC","Bad Skid","8","13","Pool A","WUCC Quali Open","2","wucc","Berlin",
"2021-10-17 11:15:00",,,"Hardfisch","Bad Skid","10","13","Pool A","WUCC Quali Open","2","wucc","Berlin",
"2021-10-17 13:30:00",,,"Hardfisch","Heidees","13","7","Pool A","WUCC Quali Open","2","wucc","Berlin",
"2021-10-17 09:00:00",,,"7 Schwaben","Hardfisch","13","12","Pool A","WUCC Quali Open","3","wucc","Berlin",
"2021-10-17 11:15:00",,,"Wall City","MUC","13","10","Pool A","WUCC Quali Open","3","wucc","Berlin",
"2021-10-17 13:30:00",,,"MUC","Ars Ludendi","13","11","Pool A","WUCC Quali Open","3","wucc","Berlin",
"2021-10-17 12:00:00",,,"Mainzelrenner","Disconnection","13","15","Pool A","WUCC Quali Mixed","1","wucc","Frankfurt am Main",
"2021-10-17 14:30:00",,,"Disconnection","Colorado","15","12","Pool A","WUCC Quali Mixed","1","wucc","Frankfurt am Main",
"2021-10-17 09:30:00",,,"Frau Rauscher & the Bembelboys","Maultaschen","15","10","Pool A","WUCC Quali Mixed","2","wucc","Frankfurt am Main",
"2021-10-17 12:00:00",,,"Colorado","Maultaschen","15","10","Pool A","WUCC Quali Mixed","2","wucc","Frankfurt am Main",
"2021-10-17 14:30:00",,,"Mainzelrenner","Frau Rauscher & the Bembelboys","15","7","Pool A","WUCC Quali Mixed","2","wucc","Frankfurt am Main",
